{"cameraMode":{"drawMode":0,"name":"Shaded","section":"Shading Mode"},"sceneLighting":false,"audioPlay":false,"sceneViewState":{"m_AlwaysRefresh":false,"showFog":true,"showSkybox":false,"showFlares":true,"showImageEffects":true,"showParticleSystems":true,"showVisualEffectGraphs":true,"m_FxEnabled":true},"in2DMode":false,"pivot":{"x":558.2000122070313,"y":958.949951171875,"z":0.3100000023841858},"rotation":{"x":-0.00013032890274189413,"y":0.999051570892334,"z":-0.0029971294570714237,"w":-0.04348604381084442},"size":106.06600189208985,"orthographic":false}