{"cameraMode":{"drawMode":0,"name":"Shaded","section":"Shading Mode"},"sceneLighting":false,"audioPlay":false,"sceneViewState":{"m_AlwaysRefresh":false,"showFog":true,"showSkybox":false,"showFlares":true,"showImageEffects":true,"showParticleSystems":true,"showVisualEffectGraphs":true,"m_FxEnabled":true},"in2DMode":false,"pivot":{"x":557.1041870117188,"y":959.0123291015625,"z":-0.31931984424591067},"rotation":{"x":-0.0020850265864282848,"y":0.9959328770637512,"z":-0.023906948044896127,"w":-0.08686529099941254},"size":1.2315753698349,"orthographic":false}